"negative","positive"
0.0722550818617488,0.927744918138251
